product_id,name,brand_id,category_id,vendor_id
P001,iPhone 15,B001,C001,V001
P002,MacBook Pro,B001,C001,V002
P003,iPad Air,B001,C001,V001
P004,Apple Watch Series 9,B001,C005,V002
P005,AirPods Pro,B001,C005,V001
P006,Galaxy S23,B002,C001,V001
P007,Galaxy Tab S9,B002,C001,V002
P008,Galaxy Watch 6,B002,C005,V001
P009,Bravia XR TV,B003,C001,V002
P010,PlayStation 5,B003,C001,V001
P011,WH-1000XM5 Headphones,B003,C005,V001
P012,Air Force 1,B004,C004,V003
P013,Dri-FIT T-Shirt,B004,C002,V005
P014,Air Max 270,B004,C004,V003
P015,Ultraboost 1.0,B005,C004,V003
P016,Stan Smith,B005,C004,V003
P017,Tiro 23 Track Pants,B005,C002,V005
P018,V15 Detect Vacuum,B006,C003,V004
P019,Airwrap Multi-styler,B006,C003,V004
P020,Pure Cool Purifier,B006,C003,V004
P021,Nike Sportswear Hoodie,B004,C002,V005
P022,Galaxy Buds 2,B002,C005,V001
P023,Alpha a7 IV Camera,B003,C001,V002
P024,Adidas Essentials Tee,B005,C002,V005
P025,Dyson Supersonic,B006,C003,V004
